structure_id,structure_acronym,structure_name,voxRowNum,X,Y,Z
17292,r6A,r6 alar plate,48489,56,27,14
17355,r7A,r7 alar plate,48490,57,27,14
17292,r6A,r6 alar plate,48566,56,28,14
17355,r7A,r7 alar plate,48567,57,28,14
17418,r8A,r8 alar plate,48568,58,28,14
17478,r9A,r9 alar plate,48569,59,28,14
17540,r10A,r10 alar plate,48570,60,28,14
17540,r10A,r10 alar plate,48571,61,28,14
17598,r11A,r11 alar plate,48572,62,28,14
17292,r6A,r6 alar plate,48642,55,29,14
17355,r7A,r7 alar plate,48643,56,29,14
17355,r7A,r7 alar plate,48644,57,29,14
17418,r8A,r8 alar plate,48645,58,29,14
17478,r9A,r9 alar plate,48646,59,29,14
17540,r10A,r10 alar plate,48647,60,29,14
17540,r10A,r10 alar plate,48648,61,29,14
17598,r11A,r11 alar plate,48649,62,29,14
17292,r6A,r6 alar plate,48719,55,30,14
17355,r7A,r7 alar plate,48720,56,30,14
17355,r7A,r7 alar plate,48721,57,30,14
17418,r8A,r8 alar plate,48722,58,30,14
17478,r9A,r9 alar plate,48723,59,30,14
17478,r9A,r9 alar plate,48724,60,30,14
17540,r10A,r10 alar plate,48725,61,30,14
17598,r11A,r11 alar plate,48726,62,30,14
17598,r11A,r11 alar plate,48727,63,30,14
17292,r6A,r6 alar plate,48796,55,31,14
17355,r7A,r7 alar plate,48797,56,31,14
17355,r7A,r7 alar plate,48798,57,31,14
17418,r8A,r8 alar plate,48799,58,31,14
17478,r9A,r9 alar plate,48800,59,31,14
17478,r9A,r9 alar plate,48801,60,31,14
17540,r10A,r10 alar plate,48802,61,31,14
17598,r11A,r11 alar plate,48803,62,31,14
17598,r11A,r11 alar plate,48804,63,31,14
17292,r6A,r6 alar plate,48872,54,32,14
17292,r6A,r6 alar plate,48873,55,32,14
17355,r7A,r7 alar plate,48874,56,32,14
17355,r7A,r7 alar plate,48875,57,32,14
17418,r8A,r8 alar plate,48876,58,32,14
17478,r9A,r9 alar plate,48877,59,32,14
17478,r9A,r9 alar plate,48878,60,32,14
17540,r10A,r10 alar plate,48879,61,32,14
17598,r11A,r11 alar plate,48880,62,32,14
17598,r11A,r11 alar plate,48881,63,32,14
17292,r6A,r6 alar plate,48949,54,33,14
17292,r6A,r6 alar plate,48950,55,33,14
17355,r7A,r7 alar plate,48951,56,33,14
17355,r7A,r7 alar plate,48952,57,33,14
17418,r8A,r8 alar plate,48953,58,33,14
17478,r9A,r9 alar plate,48954,59,33,14
17478,r9A,r9 alar plate,48955,60,33,14
17540,r10A,r10 alar plate,48956,61,33,14
17598,r11A,r11 alar plate,48957,62,33,14
17292,r6A,r6 alar plate,49025,53,34,14
17292,r6A,r6 alar plate,49026,54,34,14
17292,r6A,r6 alar plate,49027,55,34,14
17418,r8A,r8 alar plate,49030,58,34,14
17478,r9A,r9 alar plate,49031,59,34,14
17478,r9A,r9 alar plate,49032,60,34,14
17292,r6A,r6 alar plate,51723,56,26,15
17355,r7A,r7 alar plate,51724,57,26,15
17478,r9A,r9 alar plate,51727,60,26,15
17478,r9A,r9 alar plate,51728,61,26,15
17292,r6A,r6 alar plate,51799,55,27,15
17292,r6A,r6 alar plate,51800,56,27,15
17355,r7A,r7 alar plate,51801,57,27,15
17418,r8A,r8 alar plate,51802,58,27,15
17478,r9A,r9 alar plate,51803,59,27,15
17478,r9A,r9 alar plate,51804,60,27,15
17478,r9A,r9 alar plate,51805,61,27,15
17540,r10A,r10 alar plate,51806,62,27,15
17540,r10A,r10 alar plate,51807,63,27,15
17292,r6A,r6 alar plate,51876,55,28,15
17355,r7A,r7 alar plate,51877,56,28,15
17355,r7A,r7 alar plate,51878,57,28,15
17418,r8A,r8 alar plate,51879,58,28,15
17478,r9A,r9 alar plate,51880,59,28,15
17478,r9A,r9 alar plate,51881,60,28,15
17478,r9A,r9 alar plate,51882,61,28,15
17540,r10A,r10 alar plate,51883,62,28,15
17540,r10A,r10 alar plate,51884,63,28,15
17598,r11A,r11 alar plate,51885,64,28,15
17292,r6A,r6 alar plate,51952,54,29,15
17355,r7A,r7 alar plate,51953,55,29,15
17355,r7A,r7 alar plate,51954,56,29,15
17418,r8A,r8 alar plate,51955,57,29,15
17418,r8A,r8 alar plate,51956,58,29,15
17478,r9A,r9 alar plate,51957,59,29,15
17478,r9A,r9 alar plate,51958,60,29,15
17478,r9A,r9 alar plate,51959,61,29,15
17540,r10A,r10 alar plate,51960,62,29,15
17540,r10A,r10 alar plate,51961,63,29,15
17598,r11A,r11 alar plate,51962,64,29,15
17598,r11A,r11 alar plate,51963,65,29,15
17292,r6A,r6 alar plate,52028,53,30,15
17292,r6A,r6 alar plate,52029,54,30,15
17355,r7A,r7 alar plate,52030,55,30,15
17355,r7A,r7 alar plate,52031,56,30,15
17418,r8A,r8 alar plate,52032,57,30,15
17418,r8A,r8 alar plate,52033,58,30,15
17478,r9A,r9 alar plate,52034,59,30,15
17478,r9A,r9 alar plate,52035,60,30,15
17478,r9A,r9 alar plate,52036,61,30,15
17540,r10A,r10 alar plate,52037,62,30,15
17540,r10A,r10 alar plate,52038,63,30,15
17598,r11A,r11 alar plate,52039,64,30,15
17292,r6A,r6 alar plate,52105,53,31,15
17355,r7A,r7 alar plate,52106,54,31,15
17355,r7A,r7 alar plate,52107,55,31,15
17355,r7A,r7 alar plate,52108,56,31,15
17418,r8A,r8 alar plate,52109,57,31,15
17418,r8A,r8 alar plate,52110,58,31,15
17478,r9A,r9 alar plate,52111,59,31,15
17478,r9A,r9 alar plate,52112,60,31,15
17478,r9A,r9 alar plate,52113,61,31,15
17540,r10A,r10 alar plate,52114,62,31,15
17540,r10A,r10 alar plate,52115,63,31,15
17598,r11A,r11 alar plate,52116,64,31,15
17292,r6A,r6 alar plate,52181,52,32,15
17292,r6A,r6 alar plate,52182,53,32,15
17355,r7A,r7 alar plate,52183,54,32,15
17355,r7A,r7 alar plate,52184,55,32,15
17418,r8A,r8 alar plate,52185,56,32,15
17418,r8A,r8 alar plate,52186,57,32,15
17418,r8A,r8 alar plate,52187,58,32,15
17478,r9A,r9 alar plate,52188,59,32,15
17478,r9A,r9 alar plate,52189,60,32,15
17478,r9A,r9 alar plate,52190,61,32,15
17540,r10A,r10 alar plate,52191,62,32,15
17540,r10A,r10 alar plate,52192,63,32,15
17598,r11A,r11 alar plate,52193,64,32,15
17292,r6A,r6 alar plate,52257,51,33,15
17292,r6A,r6 alar plate,52258,52,33,15
17355,r7A,r7 alar plate,52259,53,33,15
17355,r7A,r7 alar plate,52260,54,33,15
17355,r7A,r7 alar plate,52261,55,33,15
17418,r8A,r8 alar plate,52262,56,33,15
17418,r8A,r8 alar plate,52263,57,33,15
17418,r8A,r8 alar plate,52264,58,33,15
17478,r9A,r9 alar plate,52265,59,33,15
17478,r9A,r9 alar plate,52266,60,33,15
17478,r9A,r9 alar plate,52267,61,33,15
17540,r10A,r10 alar plate,52268,62,33,15
17540,r10A,r10 alar plate,52269,63,33,15
17292,r6A,r6 alar plate,52333,50,34,15
17292,r6A,r6 alar plate,52334,51,34,15
17292,r6A,r6 alar plate,52335,52,34,15
17355,r7A,r7 alar plate,52336,53,34,15
17355,r7A,r7 alar plate,52337,54,34,15
17355,r7A,r7 alar plate,52338,55,34,15
17418,r8A,r8 alar plate,52339,56,34,15
17418,r8A,r8 alar plate,52340,57,34,15
17418,r8A,r8 alar plate,52341,58,34,15
17478,r9A,r9 alar plate,52342,59,34,15
17478,r9A,r9 alar plate,52343,60,34,15
17478,r9A,r9 alar plate,52344,61,34,15
17355,r7A,r7 alar plate,52413,53,35,15
17292,r6A,r6 alar plate,54957,56,25,16
17418,r8A,r8 alar plate,54959,58,25,16
17418,r8A,r8 alar plate,54960,59,25,16
17478,r9A,r9 alar plate,54961,60,25,16
17478,r9A,r9 alar plate,54962,61,25,16
17292,r6A,r6 alar plate,55033,55,26,16
17355,r7A,r7 alar plate,55034,56,26,16
17355,r7A,r7 alar plate,55035,57,26,16
17418,r8A,r8 alar plate,55036,58,26,16
17418,r8A,r8 alar plate,55037,59,26,16
17478,r9A,r9 alar plate,55038,60,26,16
17478,r9A,r9 alar plate,55039,61,26,16
17540,r10A,r10 alar plate,55040,62,26,16
17540,r10A,r10 alar plate,55041,63,26,16
17540,r10A,r10 alar plate,55042,64,26,16
17292,r6A,r6 alar plate,55110,55,27,16
17355,r7A,r7 alar plate,55111,56,27,16
17355,r7A,r7 alar plate,55112,57,27,16
17418,r8A,r8 alar plate,55113,58,27,16
17418,r8A,r8 alar plate,55114,59,27,16
17478,r9A,r9 alar plate,55115,60,27,16
17478,r9A,r9 alar plate,55116,61,27,16
17478,r9A,r9 alar plate,55117,62,27,16
17540,r10A,r10 alar plate,55118,63,27,16
17598,r11A,r11 alar plate,55119,64,27,16
17292,r6A,r6 alar plate,55187,55,28,16
17355,r7A,r7 alar plate,55188,56,28,16
17355,r7A,r7 alar plate,55189,57,28,16
17418,r8A,r8 alar plate,55190,58,28,16
17418,r8A,r8 alar plate,55191,59,28,16
17478,r9A,r9 alar plate,55192,60,28,16
17478,r9A,r9 alar plate,55193,61,28,16
17478,r9A,r9 alar plate,55194,62,28,16
17540,r10A,r10 alar plate,55195,63,28,16
17598,r11A,r11 alar plate,55196,64,28,16
17598,r11A,r11 alar plate,55197,65,28,16
17292,r6A,r6 alar plate,55263,54,29,16
17292,r6A,r6 alar plate,55264,55,29,16
17355,r7A,r7 alar plate,55265,56,29,16
17355,r7A,r7 alar plate,55266,57,29,16
17418,r8A,r8 alar plate,55267,58,29,16
17418,r8A,r8 alar plate,55268,59,29,16
17478,r9A,r9 alar plate,55269,60,29,16
17478,r9A,r9 alar plate,55270,61,29,16
17478,r9A,r9 alar plate,55271,62,29,16
17540,r10A,r10 alar plate,55272,63,29,16
17540,r10A,r10 alar plate,55273,64,29,16
17598,r11A,r11 alar plate,55274,65,29,16
17292,r6A,r6 alar plate,55340,54,30,16
17292,r6A,r6 alar plate,55341,55,30,16
17355,r7A,r7 alar plate,55342,56,30,16
17355,r7A,r7 alar plate,55343,57,30,16
17418,r8A,r8 alar plate,55344,58,30,16
17418,r8A,r8 alar plate,55345,59,30,16
17418,r8A,r8 alar plate,55346,60,30,16
17478,r9A,r9 alar plate,55347,61,30,16
17478,r9A,r9 alar plate,55348,62,30,16
17540,r10A,r10 alar plate,55349,63,30,16
17540,r10A,r10 alar plate,55350,64,30,16
17598,r11A,r11 alar plate,55351,65,30,16
17292,r6A,r6 alar plate,55417,54,31,16
17292,r6A,r6 alar plate,55418,55,31,16
17355,r7A,r7 alar plate,55419,56,31,16
17355,r7A,r7 alar plate,55420,57,31,16
17418,r8A,r8 alar plate,55421,58,31,16
17418,r8A,r8 alar plate,55422,59,31,16
17418,r8A,r8 alar plate,55423,60,31,16
17478,r9A,r9 alar plate,55424,61,31,16
17478,r9A,r9 alar plate,55425,62,31,16
17540,r10A,r10 alar plate,55426,63,31,16
17540,r10A,r10 alar plate,55427,64,31,16
17598,r11A,r11 alar plate,55428,65,31,16
17292,r6A,r6 alar plate,55493,53,32,16
17292,r6A,r6 alar plate,55494,54,32,16
17292,r6A,r6 alar plate,55495,55,32,16
17355,r7A,r7 alar plate,55496,56,32,16
17355,r7A,r7 alar plate,55497,57,32,16
17418,r8A,r8 alar plate,55498,58,32,16
17418,r8A,r8 alar plate,55499,59,32,16
17418,r8A,r8 alar plate,55500,60,32,16
17478,r9A,r9 alar plate,55501,61,32,16
17478,r9A,r9 alar plate,55502,62,32,16
17540,r10A,r10 alar plate,55503,63,32,16
17540,r10A,r10 alar plate,55504,64,32,16
17292,r6A,r6 alar plate,55570,53,33,16
17292,r6A,r6 alar plate,55571,54,33,16
17292,r6A,r6 alar plate,55572,55,33,16
17355,r7A,r7 alar plate,55573,56,33,16
17355,r7A,r7 alar plate,55574,57,33,16
17418,r8A,r8 alar plate,55575,58,33,16
17418,r8A,r8 alar plate,55576,59,33,16
17418,r8A,r8 alar plate,55577,60,33,16
17478,r9A,r9 alar plate,55578,61,33,16
17478,r9A,r9 alar plate,55579,62,33,16
17540,r10A,r10 alar plate,55580,63,33,16
17292,r6A,r6 alar plate,55646,52,34,16
17292,r6A,r6 alar plate,55647,53,34,16
17292,r6A,r6 alar plate,55648,54,34,16
17292,r6A,r6 alar plate,55649,55,34,16
17355,r7A,r7 alar plate,55650,56,34,16
17355,r7A,r7 alar plate,55651,57,34,16
17355,r7A,r7 alar plate,55652,58,34,16
17418,r8A,r8 alar plate,55653,59,34,16
17418,r8A,r8 alar plate,55654,60,34,16
17478,r9A,r9 alar plate,55655,61,34,16
17478,r9A,r9 alar plate,55656,62,34,16
17292,r6A,r6 alar plate,55723,52,35,16
17292,r6A,r6 alar plate,55724,53,35,16
17292,r6A,r6 alar plate,55725,54,35,16
17292,r6A,r6 alar plate,55726,55,35,16
17355,r7A,r7 alar plate,55727,56,35,16
17355,r7A,r7 alar plate,55728,57,35,16
17418,r8A,r8 alar plate,55729,58,35,16
17418,r8A,r8 alar plate,55730,59,35,16
17292,r6A,r6 alar plate,55801,53,36,16
17292,r6A,r6 alar plate,55802,54,36,16
17292,r6A,r6 alar plate,55803,55,36,16
17355,r7A,r7 alar plate,55804,56,36,16
17355,r7A,r7 alar plate,55805,57,36,16
17292,r6A,r6 alar plate,58268,56,25,17
17355,r7A,r7 alar plate,58269,57,25,17
17355,r7A,r7 alar plate,58270,58,25,17
17418,r8A,r8 alar plate,58271,59,25,17
17418,r8A,r8 alar plate,58272,60,25,17
17478,r9A,r9 alar plate,58273,61,25,17
17478,r9A,r9 alar plate,58274,62,25,17
17540,r10A,r10 alar plate,58275,63,25,17
17292,r6A,r6 alar plate,58345,56,26,17
17355,r7A,r7 alar plate,58346,57,26,17
17355,r7A,r7 alar plate,58347,58,26,17
17418,r8A,r8 alar plate,58348,59,26,17
17418,r8A,r8 alar plate,58349,60,26,17
17478,r9A,r9 alar plate,58350,61,26,17
17478,r9A,r9 alar plate,58351,62,26,17
17540,r10A,r10 alar plate,58352,63,26,17
17540,r10A,r10 alar plate,58353,64,26,17
17292,r6A,r6 alar plate,58422,56,27,17
17355,r7A,r7 alar plate,58423,57,27,17
17355,r7A,r7 alar plate,58424,58,27,17
17418,r8A,r8 alar plate,58425,59,27,17
17418,r8A,r8 alar plate,58426,60,27,17
17478,r9A,r9 alar plate,58427,61,27,17
17478,r9A,r9 alar plate,58428,62,27,17
17540,r10A,r10 alar plate,58429,63,27,17
17540,r10A,r10 alar plate,58430,64,27,17
17540,r10A,r10 alar plate,58431,65,27,17
17292,r6A,r6 alar plate,58498,55,28,17
17292,r6A,r6 alar plate,58499,56,28,17
17355,r7A,r7 alar plate,58500,57,28,17
17355,r7A,r7 alar plate,58501,58,28,17
17418,r8A,r8 alar plate,58502,59,28,17
17418,r8A,r8 alar plate,58503,60,28,17
17478,r9A,r9 alar plate,58504,61,28,17
17478,r9A,r9 alar plate,58505,62,28,17
17540,r10A,r10 alar plate,58506,63,28,17
17540,r10A,r10 alar plate,58507,64,28,17
17598,r11A,r11 alar plate,58508,65,28,17
17598,r11A,r11 alar plate,58509,66,28,17
17292,r6A,r6 alar plate,58575,55,29,17
17292,r6A,r6 alar plate,58576,56,29,17
17355,r7A,r7 alar plate,58577,57,29,17
17355,r7A,r7 alar plate,58578,58,29,17
17418,r8A,r8 alar plate,58579,59,29,17
17418,r8A,r8 alar plate,58580,60,29,17
17478,r9A,r9 alar plate,58581,61,29,17
17478,r9A,r9 alar plate,58582,62,29,17
17540,r10A,r10 alar plate,58583,63,29,17
17540,r10A,r10 alar plate,58584,64,29,17
17598,r11A,r11 alar plate,58585,65,29,17
17598,r11A,r11 alar plate,58586,66,29,17
17292,r6A,r6 alar plate,58651,54,30,17
17292,r6A,r6 alar plate,58652,55,30,17
17292,r6A,r6 alar plate,58653,56,30,17
17355,r7A,r7 alar plate,58654,57,30,17
17355,r7A,r7 alar plate,58655,58,30,17
17418,r8A,r8 alar plate,58656,59,30,17
17418,r8A,r8 alar plate,58657,60,30,17
17478,r9A,r9 alar plate,58658,61,30,17
17478,r9A,r9 alar plate,58659,62,30,17
17540,r10A,r10 alar plate,58660,63,30,17
17540,r10A,r10 alar plate,58661,64,30,17
17598,r11A,r11 alar plate,58662,65,30,17
17598,r11A,r11 alar plate,58663,66,30,17
17598,r11A,r11 alar plate,58664,67,30,17
17292,r6A,r6 alar plate,58728,54,31,17
17292,r6A,r6 alar plate,58729,55,31,17
17355,r7A,r7 alar plate,58730,56,31,17
17355,r7A,r7 alar plate,58731,57,31,17
17355,r7A,r7 alar plate,58732,58,31,17
17418,r8A,r8 alar plate,58733,59,31,17
17418,r8A,r8 alar plate,58734,60,31,17
17478,r9A,r9 alar plate,58735,61,31,17
17478,r9A,r9 alar plate,58736,62,31,17
17540,r10A,r10 alar plate,58737,63,31,17
17540,r10A,r10 alar plate,58738,64,31,17
17540,r10A,r10 alar plate,58739,65,31,17
17598,r11A,r11 alar plate,58740,66,31,17
17292,r6A,r6 alar plate,58804,53,32,17
17292,r6A,r6 alar plate,58805,54,32,17
17292,r6A,r6 alar plate,58806,55,32,17
17355,r7A,r7 alar plate,58807,56,32,17
17355,r7A,r7 alar plate,58808,57,32,17
17355,r7A,r7 alar plate,58809,58,32,17
17418,r8A,r8 alar plate,58810,59,32,17
17418,r8A,r8 alar plate,58811,60,32,17
17478,r9A,r9 alar plate,58812,61,32,17
17478,r9A,r9 alar plate,58813,62,32,17
17478,r9A,r9 alar plate,58814,63,32,17
17540,r10A,r10 alar plate,58815,64,32,17
17540,r10A,r10 alar plate,58816,65,32,17
17598,r11A,r11 alar plate,58817,66,32,17
17292,r6A,r6 alar plate,58880,52,33,17
17292,r6A,r6 alar plate,58881,53,33,17
17292,r6A,r6 alar plate,58882,54,33,17
17292,r6A,r6 alar plate,58883,55,33,17
17355,r7A,r7 alar plate,58884,56,33,17
17355,r7A,r7 alar plate,58885,57,33,17
17355,r7A,r7 alar plate,58886,58,33,17
17418,r8A,r8 alar plate,58887,59,33,17
17418,r8A,r8 alar plate,58888,60,33,17
17478,r9A,r9 alar plate,58889,61,33,17
17500,r9B,r9 basal plate,58890,62,33,17
17500,r9B,r9 basal plate,58891,63,33,17
17540,r10A,r10 alar plate,58892,64,33,17
17540,r10A,r10 alar plate,58893,65,33,17
17292,r6A,r6 alar plate,58957,52,34,17
17292,r6A,r6 alar plate,58958,53,34,17
17292,r6A,r6 alar plate,58959,54,34,17
17292,r6A,r6 alar plate,58960,55,34,17
17355,r7A,r7 alar plate,58961,56,34,17
17355,r7A,r7 alar plate,58962,57,34,17
17355,r7A,r7 alar plate,58963,58,34,17
17418,r8A,r8 alar plate,58964,59,34,17
17437,r8B,r8 basal plate,58965,60,34,17
17437,r8B,r8 basal plate,58966,61,34,17
17500,r9B,r9 basal plate,58967,62,34,17
17500,r9B,r9 basal plate,58968,63,34,17
17292,r6A,r6 alar plate,59034,52,35,17
17292,r6A,r6 alar plate,59035,53,35,17
17292,r6A,r6 alar plate,59036,54,35,17
17292,r6A,r6 alar plate,59037,55,35,17
17355,r7A,r7 alar plate,59038,56,35,17
17355,r7A,r7 alar plate,59039,57,35,17
17355,r7A,r7 alar plate,59040,58,35,17
17437,r8B,r8 basal plate,59041,59,35,17
17437,r8B,r8 basal plate,59042,60,35,17
17437,r8B,r8 basal plate,59043,61,35,17
17500,r9B,r9 basal plate,59044,62,35,17
17292,r6A,r6 alar plate,59112,53,36,17
17292,r6A,r6 alar plate,59113,54,36,17
17292,r6A,r6 alar plate,59114,55,36,17
17355,r7A,r7 alar plate,59115,56,36,17
17292,r6A,r6 alar plate,61501,55,24,18
17292,r6A,r6 alar plate,61502,56,24,18
17355,r7A,r7 alar plate,61503,57,24,18
17418,r8A,r8 alar plate,61505,59,24,18
17478,r9A,r9 alar plate,61506,60,24,18
17292,r6A,r6 alar plate,61578,55,25,18
17355,r7A,r7 alar plate,61579,56,25,18
17355,r7A,r7 alar plate,61580,57,25,18
17418,r8A,r8 alar plate,61581,58,25,18
17418,r8A,r8 alar plate,61582,59,25,18
17478,r9A,r9 alar plate,61583,60,25,18
17478,r9A,r9 alar plate,61584,61,25,18
17540,r10A,r10 alar plate,61585,62,25,18
17540,r10A,r10 alar plate,61586,63,25,18
17292,r6A,r6 alar plate,61654,54,26,18
17292,r6A,r6 alar plate,61655,55,26,18
17355,r7A,r7 alar plate,61656,56,26,18
17355,r7A,r7 alar plate,61657,57,26,18
17418,r8A,r8 alar plate,61658,58,26,18
17418,r8A,r8 alar plate,61659,59,26,18
17478,r9A,r9 alar plate,61660,60,26,18
17478,r9A,r9 alar plate,61661,61,26,18
17540,r10A,r10 alar plate,61662,62,26,18
17540,r10A,r10 alar plate,61663,63,26,18
17540,r10A,r10 alar plate,61664,64,26,18
17292,r6A,r6 alar plate,61731,54,27,18
17292,r6A,r6 alar plate,61732,55,27,18
17355,r7A,r7 alar plate,61733,56,27,18
17355,r7A,r7 alar plate,61734,57,27,18
17418,r8A,r8 alar plate,61735,58,27,18
17418,r8A,r8 alar plate,61736,59,27,18
17478,r9A,r9 alar plate,61737,60,27,18
17478,r9A,r9 alar plate,61738,61,27,18
17540,r10A,r10 alar plate,61739,62,27,18
17540,r10A,r10 alar plate,61740,63,27,18
17540,r10A,r10 alar plate,61741,64,27,18
17598,r11A,r11 alar plate,61742,65,27,18
17292,r6A,r6 alar plate,61808,54,28,18
17292,r6A,r6 alar plate,61809,55,28,18
17355,r7A,r7 alar plate,61810,56,28,18
17355,r7A,r7 alar plate,61811,57,28,18
17418,r8A,r8 alar plate,61812,58,28,18
17418,r8A,r8 alar plate,61813,59,28,18
17478,r9A,r9 alar plate,61814,60,28,18
17478,r9A,r9 alar plate,61815,61,28,18
17540,r10A,r10 alar plate,61816,62,28,18
17540,r10A,r10 alar plate,61817,63,28,18
17540,r10A,r10 alar plate,61818,64,28,18
17598,r11A,r11 alar plate,61819,65,28,18
17598,r11A,r11 alar plate,61820,66,28,18
17292,r6A,r6 alar plate,61884,53,29,18
17292,r6A,r6 alar plate,61885,54,29,18
17355,r7A,r7 alar plate,61886,55,29,18
17355,r7A,r7 alar plate,61887,56,29,18
17355,r7A,r7 alar plate,61888,57,29,18
17418,r8A,r8 alar plate,61889,58,29,18
17418,r8A,r8 alar plate,61890,59,29,18
17478,r9A,r9 alar plate,61891,60,29,18
17478,r9A,r9 alar plate,61892,61,29,18
17540,r10A,r10 alar plate,61893,62,29,18
17540,r10A,r10 alar plate,61894,63,29,18
17540,r10A,r10 alar plate,61895,64,29,18
17598,r11A,r11 alar plate,61896,65,29,18
17598,r11A,r11 alar plate,61897,66,29,18
17292,r6A,r6 alar plate,61961,53,30,18
17292,r6A,r6 alar plate,61962,54,30,18
17355,r7A,r7 alar plate,61963,55,30,18
17355,r7A,r7 alar plate,61964,56,30,18
17355,r7A,r7 alar plate,61965,57,30,18
17418,r8A,r8 alar plate,61966,58,30,18
17418,r8A,r8 alar plate,61967,59,30,18
17418,r8A,r8 alar plate,61968,60,30,18
17478,r9A,r9 alar plate,61969,61,30,18
17478,r9A,r9 alar plate,61970,62,30,18
17540,r10A,r10 alar plate,61971,63,30,18
17540,r10A,r10 alar plate,61972,64,30,18
17540,r10A,r10 alar plate,61973,65,30,18
17598,r11A,r11 alar plate,61974,66,30,18
17598,r11A,r11 alar plate,61975,67,30,18
17292,r6A,r6 alar plate,62037,52,31,18
17292,r6A,r6 alar plate,62038,53,31,18
17292,r6A,r6 alar plate,62039,54,31,18
17355,r7A,r7 alar plate,62040,55,31,18
17355,r7A,r7 alar plate,62041,56,31,18
17355,r7A,r7 alar plate,62042,57,31,18
17418,r8A,r8 alar plate,62043,58,31,18
17418,r8A,r8 alar plate,62044,59,31,18
17418,r8A,r8 alar plate,62045,60,31,18
17478,r9A,r9 alar plate,62046,61,31,18
17478,r9A,r9 alar plate,62047,62,31,18
17540,r10A,r10 alar plate,62048,63,31,18
17540,r10A,r10 alar plate,62049,64,31,18
17540,r10A,r10 alar plate,62050,65,31,18
17598,r11A,r11 alar plate,62051,66,31,18
17598,r11A,r11 alar plate,62052,67,31,18
17292,r6A,r6 alar plate,62114,52,32,18
17292,r6A,r6 alar plate,62115,53,32,18
17292,r6A,r6 alar plate,62116,54,32,18
17355,r7A,r7 alar plate,62117,55,32,18
17355,r7A,r7 alar plate,62118,56,32,18
17355,r7A,r7 alar plate,62119,57,32,18
17418,r8A,r8 alar plate,62120,58,32,18
17418,r8A,r8 alar plate,62121,59,32,18
17418,r8A,r8 alar plate,62122,60,32,18
17478,r9A,r9 alar plate,62123,61,32,18
17478,r9A,r9 alar plate,62124,62,32,18
17540,r10A,r10 alar plate,62125,63,32,18
17540,r10A,r10 alar plate,62126,64,32,18
17540,r10A,r10 alar plate,62127,65,32,18
17598,r11A,r11 alar plate,62128,66,32,18
17598,r11A,r11 alar plate,62129,67,32,18
17292,r6A,r6 alar plate,62190,51,33,18
17292,r6A,r6 alar plate,62191,52,33,18
17292,r6A,r6 alar plate,62192,53,33,18
17292,r6A,r6 alar plate,62193,54,33,18
17355,r7A,r7 alar plate,62194,55,33,18
17355,r7A,r7 alar plate,62195,56,33,18
17355,r7A,r7 alar plate,62196,57,33,18
17418,r8A,r8 alar plate,62197,58,33,18
17418,r8A,r8 alar plate,62198,59,33,18
17418,r8A,r8 alar plate,62199,60,33,18
17478,r9A,r9 alar plate,62200,61,33,18
17478,r9A,r9 alar plate,62201,62,33,18
17540,r10A,r10 alar plate,62202,63,33,18
17540,r10A,r10 alar plate,62203,64,33,18
17540,r10A,r10 alar plate,62204,65,33,18
17598,r11A,r11 alar plate,62205,66,33,18
17598,r11A,r11 alar plate,62206,67,33,18
17292,r6A,r6 alar plate,62268,52,34,18
17292,r6A,r6 alar plate,62269,53,34,18
17355,r7A,r7 alar plate,62270,54,34,18
17355,r7A,r7 alar plate,62271,55,34,18
17355,r7A,r7 alar plate,62272,56,34,18
17355,r7A,r7 alar plate,62273,57,34,18
17418,r8A,r8 alar plate,62274,58,34,18
17437,r8B,r8 basal plate,62275,59,34,18
17437,r8B,r8 basal plate,62276,60,34,18
17500,r9B,r9 basal plate,62277,61,34,18
17500,r9B,r9 basal plate,62278,62,34,18
17562,r10B,r10 basal plate,62279,63,34,18
17562,r10B,r10 basal plate,62280,64,34,18
17562,r10B,r10 basal plate,62281,65,34,18
17540,r10A,r10 alar plate,62282,66,34,18
17318,r6B,r6 basal plate,62344,51,35,18
17292,r6A,r6 alar plate,62345,52,35,18
17292,r6A,r6 alar plate,62346,53,35,18
17355,r7A,r7 alar plate,62347,54,35,18
17355,r7A,r7 alar plate,62348,55,35,18
17355,r7A,r7 alar plate,62349,56,35,18
17380,r7B,r7 basal plate,62350,57,35,18
17437,r8B,r8 basal plate,62351,58,35,18
17437,r8B,r8 basal plate,62352,59,35,18
17437,r8B,r8 basal plate,62353,60,35,18
17500,r9B,r9 basal plate,62354,61,35,18
17500,r9B,r9 basal plate,62355,62,35,18
17318,r6B,r6 basal plate,62421,51,36,18
17292,r6A,r6 alar plate,62422,52,36,18
17292,r6A,r6 alar plate,62423,53,36,18
17318,r6B,r6 basal plate,62424,54,36,18
17380,r7B,r7 basal plate,62425,55,36,18
17380,r7B,r7 basal plate,62426,56,36,18
17380,r7B,r7 basal plate,62427,57,36,18
17380,r7B,r7 basal plate,62428,58,36,18
17437,r8B,r8 basal plate,62429,59,36,18
17292,r6A,r6 alar plate,64812,55,24,19
17292,r6A,r6 alar plate,64813,56,24,19
17355,r7A,r7 alar plate,64814,57,24,19
17355,r7A,r7 alar plate,64815,58,24,19
17418,r8A,r8 alar plate,64816,59,24,19
17478,r9A,r9 alar plate,64817,60,24,19
17478,r9A,r9 alar plate,64818,61,24,19
17540,r10A,r10 alar plate,64819,62,24,19
17292,r6A,r6 alar plate,64888,54,25,19
17292,r6A,r6 alar plate,64889,55,25,19
17355,r7A,r7 alar plate,64890,56,25,19
17355,r7A,r7 alar plate,64891,57,25,19
17418,r8A,r8 alar plate,64892,58,25,19
17418,r8A,r8 alar plate,64893,59,25,19
17478,r9A,r9 alar plate,64894,60,25,19
17478,r9A,r9 alar plate,64895,61,25,19
17540,r10A,r10 alar plate,64896,62,25,19
17540,r10A,r10 alar plate,64897,63,25,19
17540,r10A,r10 alar plate,64898,64,25,19
17292,r6A,r6 alar plate,64965,54,26,19
17355,r7A,r7 alar plate,64966,55,26,19
17355,r7A,r7 alar plate,64967,56,26,19
17355,r7A,r7 alar plate,64968,57,26,19
17418,r8A,r8 alar plate,64969,58,26,19
17418,r8A,r8 alar plate,64970,59,26,19
17478,r9A,r9 alar plate,64971,60,26,19
17478,r9A,r9 alar plate,64972,61,26,19
17540,r10A,r10 alar plate,64973,62,26,19
17540,r10A,r10 alar plate,64974,63,26,19
17540,r10A,r10 alar plate,64975,64,26,19
17598,r11A,r11 alar plate,64976,65,26,19
17292,r6A,r6 alar plate,65042,54,27,19
17355,r7A,r7 alar plate,65043,55,27,19
17355,r7A,r7 alar plate,65044,56,27,19
17355,r7A,r7 alar plate,65045,57,27,19
17418,r8A,r8 alar plate,65046,58,27,19
17418,r8A,r8 alar plate,65047,59,27,19
17478,r9A,r9 alar plate,65048,60,27,19
17478,r9A,r9 alar plate,65049,61,27,19
17540,r10A,r10 alar plate,65050,62,27,19
17540,r10A,r10 alar plate,65051,63,27,19
17540,r10A,r10 alar plate,65052,64,27,19
17598,r11A,r11 alar plate,65053,65,27,19
17598,r11A,r11 alar plate,65054,66,27,19
17292,r6A,r6 alar plate,65119,54,28,19
17355,r7A,r7 alar plate,65120,55,28,19
17355,r7A,r7 alar plate,65121,56,28,19
17355,r7A,r7 alar plate,65122,57,28,19
17418,r8A,r8 alar plate,65123,58,28,19
17418,r8A,r8 alar plate,65124,59,28,19
17478,r9A,r9 alar plate,65125,60,28,19
17478,r9A,r9 alar plate,65126,61,28,19
17478,r9A,r9 alar plate,65127,62,28,19
17540,r10A,r10 alar plate,65128,63,28,19
17540,r10A,r10 alar plate,65129,64,28,19
17598,r11A,r11 alar plate,65130,65,28,19
17598,r11A,r11 alar plate,65131,66,28,19
17598,r11A,r11 alar plate,65132,67,28,19
17292,r6A,r6 alar plate,65195,53,29,19
17292,r6A,r6 alar plate,65196,54,29,19
17355,r7A,r7 alar plate,65197,55,29,19
17355,r7A,r7 alar plate,65198,56,29,19
17355,r7A,r7 alar plate,65199,57,29,19
17418,r8A,r8 alar plate,65200,58,29,19
17418,r8A,r8 alar plate,65201,59,29,19
17478,r9A,r9 alar plate,65202,60,29,19
17478,r9A,r9 alar plate,65203,61,29,19
17478,r9A,r9 alar plate,65204,62,29,19
17540,r10A,r10 alar plate,65205,63,29,19
17540,r10A,r10 alar plate,65206,64,29,19
17540,r10A,r10 alar plate,65207,65,29,19
17598,r11A,r11 alar plate,65208,66,29,19
17598,r11A,r11 alar plate,65209,67,29,19
17292,r6A,r6 alar plate,65272,53,30,19
17292,r6A,r6 alar plate,65273,54,30,19
17355,r7A,r7 alar plate,65274,55,30,19
17355,r7A,r7 alar plate,65275,56,30,19
17355,r7A,r7 alar plate,65276,57,30,19
17418,r8A,r8 alar plate,65277,58,30,19
17418,r8A,r8 alar plate,65278,59,30,19
17478,r9A,r9 alar plate,65279,60,30,19
17478,r9A,r9 alar plate,65280,61,30,19
17478,r9A,r9 alar plate,65281,62,30,19
17540,r10A,r10 alar plate,65282,63,30,19
17540,r10A,r10 alar plate,65283,64,30,19
17540,r10A,r10 alar plate,65284,65,30,19
17598,r11A,r11 alar plate,65285,66,30,19
17598,r11A,r11 alar plate,65286,67,30,19
17598,r11A,r11 alar plate,65287,68,30,19
17292,r6A,r6 alar plate,65348,52,31,19
17292,r6A,r6 alar plate,65349,53,31,19
17292,r6A,r6 alar plate,65350,54,31,19
17292,r6A,r6 alar plate,65351,55,31,19
17355,r7A,r7 alar plate,65352,56,31,19
17355,r7A,r7 alar plate,65353,57,31,19
17418,r8A,r8 alar plate,65354,58,31,19
17418,r8A,r8 alar plate,65355,59,31,19
17418,r8A,r8 alar plate,65356,60,31,19
17478,r9A,r9 alar plate,65357,61,31,19
17478,r9A,r9 alar plate,65358,62,31,19
17478,r9A,r9 alar plate,65359,63,31,19
17540,r10A,r10 alar plate,65360,64,31,19
17540,r10A,r10 alar plate,65361,65,31,19
17598,r11A,r11 alar plate,65362,66,31,19
17598,r11A,r11 alar plate,65363,67,31,19
17653,SpA,SpC alar plate,65364,68,31,19
17292,r6A,r6 alar plate,65425,52,32,19
17292,r6A,r6 alar plate,65426,53,32,19
17292,r6A,r6 alar plate,65427,54,32,19
17292,r6A,r6 alar plate,65428,55,32,19
17355,r7A,r7 alar plate,65429,56,32,19
17355,r7A,r7 alar plate,65430,57,32,19
17418,r8A,r8 alar plate,65431,58,32,19
17418,r8A,r8 alar plate,65432,59,32,19
17418,r8A,r8 alar plate,65433,60,32,19
17478,r9A,r9 alar plate,65434,61,32,19
17478,r9A,r9 alar plate,65435,62,32,19
17478,r9A,r9 alar plate,65436,63,32,19
17540,r10A,r10 alar plate,65437,64,32,19
17540,r10A,r10 alar plate,65438,65,32,19
17598,r11A,r11 alar plate,65439,66,32,19
17598,r11A,r11 alar plate,65440,67,32,19
17653,SpA,SpC alar plate,65441,68,32,19
17292,r6A,r6 alar plate,65501,51,33,19
17292,r6A,r6 alar plate,65502,52,33,19
17292,r6A,r6 alar plate,65503,53,33,19
17292,r6A,r6 alar plate,65504,54,33,19
17292,r6A,r6 alar plate,65505,55,33,19
17355,r7A,r7 alar plate,65506,56,33,19
17355,r7A,r7 alar plate,65507,57,33,19
17355,r7A,r7 alar plate,65508,58,33,19
17418,r8A,r8 alar plate,65509,59,33,19
17418,r8A,r8 alar plate,65510,60,33,19
17437,r8B,r8 basal plate,65511,61,33,19
17500,r9B,r9 basal plate,65512,62,33,19
17500,r9B,r9 basal plate,65513,63,33,19
17562,r10B,r10 basal plate,65514,64,33,19
17540,r10A,r10 alar plate,65515,65,33,19
17598,r11A,r11 alar plate,65516,66,33,19
17598,r11A,r11 alar plate,65517,67,33,19
17653,SpA,SpC alar plate,65518,68,33,19
17292,r6A,r6 alar plate,65578,51,34,19
17292,r6A,r6 alar plate,65579,52,34,19
17292,r6A,r6 alar plate,65580,53,34,19
17292,r6A,r6 alar plate,65581,54,34,19
17292,r6A,r6 alar plate,65582,55,34,19
17355,r7A,r7 alar plate,65583,56,34,19
17355,r7A,r7 alar plate,65584,57,34,19
17380,r7B,r7 basal plate,65585,58,34,19
17437,r8B,r8 basal plate,65586,59,34,19
17437,r8B,r8 basal plate,65587,60,34,19
17437,r8B,r8 basal plate,65588,61,34,19
17500,r9B,r9 basal plate,65589,62,34,19
17500,r9B,r9 basal plate,65590,63,34,19
17562,r10B,r10 basal plate,65591,64,34,19
17292,r6A,r6 alar plate,65655,51,35,19
17292,r6A,r6 alar plate,65656,52,35,19
17292,r6A,r6 alar plate,65657,53,35,19
17292,r6A,r6 alar plate,65658,54,35,19
17292,r6A,r6 alar plate,65659,55,35,19
17380,r7B,r7 basal plate,65660,56,35,19
17380,r7B,r7 basal plate,65661,57,35,19
17380,r7B,r7 basal plate,65662,58,35,19
17437,r8B,r8 basal plate,65663,59,35,19
17437,r8B,r8 basal plate,65664,60,35,19
17437,r8B,r8 basal plate,65665,61,35,19
17500,r9B,r9 basal plate,65666,62,35,19
17318,r6B,r6 basal plate,65732,51,36,19
17292,r6A,r6 alar plate,65733,52,36,19
17292,r6A,r6 alar plate,65734,53,36,19
17318,r6B,r6 basal plate,65735,54,36,19
17318,r6B,r6 basal plate,65736,55,36,19
17380,r7B,r7 basal plate,65737,56,36,19
17380,r7B,r7 basal plate,65738,57,36,19
17380,r7B,r7 basal plate,65739,58,36,19
17292,r6A,r6 alar plate,68046,55,23,20
17355,r7A,r7 alar plate,68048,57,23,20
17478,r9A,r9 alar plate,68051,60,23,20
17478,r9A,r9 alar plate,68052,61,23,20
17292,r6A,r6 alar plate,68122,54,24,20
17292,r6A,r6 alar plate,68123,55,24,20
17355,r7A,r7 alar plate,68124,56,24,20
17418,r8A,r8 alar plate,68125,57,24,20
17418,r8A,r8 alar plate,68126,58,24,20
17478,r9A,r9 alar plate,68127,59,24,20
17478,r9A,r9 alar plate,68128,60,24,20
17478,r9A,r9 alar plate,68129,61,24,20
17540,r10A,r10 alar plate,68130,62,24,20
17292,r6A,r6 alar plate,68199,54,25,20
17355,r7A,r7 alar plate,68200,55,25,20
17355,r7A,r7 alar plate,68201,56,25,20
17418,r8A,r8 alar plate,68202,57,25,20
17418,r8A,r8 alar plate,68203,58,25,20
17478,r9A,r9 alar plate,68204,59,25,20
17478,r9A,r9 alar plate,68205,60,25,20
17478,r9A,r9 alar plate,68206,61,25,20
17540,r10A,r10 alar plate,68207,62,25,20
17540,r10A,r10 alar plate,68208,63,25,20
17540,r10A,r10 alar plate,68209,64,25,20
17292,r6A,r6 alar plate,68275,53,26,20
17292,r6A,r6 alar plate,68276,54,26,20
17355,r7A,r7 alar plate,68277,55,26,20
17418,r8A,r8 alar plate,68278,56,26,20
17418,r8A,r8 alar plate,68279,57,26,20
17478,r9A,r9 alar plate,68280,58,26,20
17478,r9A,r9 alar plate,68281,59,26,20
17478,r9A,r9 alar plate,68282,60,26,20
17478,r9A,r9 alar plate,68283,61,26,20
17540,r10A,r10 alar plate,68284,62,26,20
17540,r10A,r10 alar plate,68285,63,26,20
17598,r11A,r11 alar plate,68286,64,26,20
17598,r11A,r11 alar plate,68287,65,26,20
17292,r6A,r6 alar plate,68352,53,27,20
17355,r7A,r7 alar plate,68353,54,27,20
17355,r7A,r7 alar plate,68354,55,27,20
17418,r8A,r8 alar plate,68355,56,27,20
17418,r8A,r8 alar plate,68356,57,27,20
17418,r8A,r8 alar plate,68357,58,27,20
17478,r9A,r9 alar plate,68358,59,27,20
17478,r9A,r9 alar plate,68359,60,27,20
17540,r10A,r10 alar plate,68360,61,27,20
17540,r10A,r10 alar plate,68361,62,27,20
17540,r10A,r10 alar plate,68362,63,27,20
17598,r11A,r11 alar plate,68363,64,27,20
17598,r11A,r11 alar plate,68364,65,27,20
17598,r11A,r11 alar plate,68365,66,27,20
17292,r6A,r6 alar plate,68428,52,28,20
17292,r6A,r6 alar plate,68429,53,28,20
17355,r7A,r7 alar plate,68430,54,28,20
17355,r7A,r7 alar plate,68431,55,28,20
17418,r8A,r8 alar plate,68432,56,28,20
17418,r8A,r8 alar plate,68433,57,28,20
17478,r9A,r9 alar plate,68434,58,28,20
17478,r9A,r9 alar plate,68435,59,28,20
17478,r9A,r9 alar plate,68436,60,28,20
17540,r10A,r10 alar plate,68437,61,28,20
17540,r10A,r10 alar plate,68438,62,28,20
17540,r10A,r10 alar plate,68439,63,28,20
17598,r11A,r11 alar plate,68440,64,28,20
17598,r11A,r11 alar plate,68441,65,28,20
17598,r11A,r11 alar plate,68442,66,28,20
17653,SpA,SpC alar plate,68443,67,28,20
17318,r6B,r6 basal plate,68504,51,29,20
17318,r6B,r6 basal plate,68505,52,29,20
17318,r6B,r6 basal plate,68506,53,29,20
17380,r7B,r7 basal plate,68507,54,29,20
17380,r7B,r7 basal plate,68508,55,29,20
17437,r8B,r8 basal plate,68509,56,29,20
17437,r8B,r8 basal plate,68510,57,29,20
17500,r9B,r9 basal plate,68511,58,29,20
17500,r9B,r9 basal plate,68512,59,29,20
17500,r9B,r9 basal plate,68513,60,29,20
17562,r10B,r10 basal plate,68514,61,29,20
17540,r10A,r10 alar plate,68515,62,29,20
17598,r11A,r11 alar plate,68516,63,29,20
17598,r11A,r11 alar plate,68517,64,29,20
17598,r11A,r11 alar plate,68518,65,29,20
17598,r11A,r11 alar plate,68519,66,29,20
17653,SpA,SpC alar plate,68520,67,29,20
17318,r6B,r6 basal plate,68581,51,30,20
17318,r6B,r6 basal plate,68582,52,30,20
17380,r7B,r7 basal plate,68583,53,30,20
17380,r7B,r7 basal plate,68584,54,30,20
17380,r7B,r7 basal plate,68585,55,30,20
17437,r8B,r8 basal plate,68586,56,30,20
17437,r8B,r8 basal plate,68587,57,30,20
17500,r9B,r9 basal plate,68588,58,30,20
17500,r9B,r9 basal plate,68589,59,30,20
17500,r9B,r9 basal plate,68590,60,30,20
17562,r10B,r10 basal plate,68591,61,30,20
17562,r10B,r10 basal plate,68592,62,30,20
17598,r11A,r11 alar plate,68593,63,30,20
17598,r11A,r11 alar plate,68594,64,30,20
17598,r11A,r11 alar plate,68595,65,30,20
17653,SpA,SpC alar plate,68596,66,30,20
17653,SpA,SpC alar plate,68597,67,30,20
17653,SpA,SpC alar plate,68598,68,30,20
17318,r6B,r6 basal plate,68657,50,31,20
17318,r6B,r6 basal plate,68658,51,31,20
17318,r6B,r6 basal plate,68659,52,31,20
17380,r7B,r7 basal plate,68660,53,31,20
17380,r7B,r7 basal plate,68661,54,31,20
17437,r8B,r8 basal plate,68662,55,31,20
17437,r8B,r8 basal plate,68663,56,31,20
17437,r8B,r8 basal plate,68664,57,31,20
17437,r8B,r8 basal plate,68665,58,31,20
17500,r9B,r9 basal plate,68666,59,31,20
17500,r9B,r9 basal plate,68667,60,31,20
17562,r10B,r10 basal plate,68668,61,31,20
17562,r10B,r10 basal plate,68669,62,31,20
17620,r11B,r11 basal plate,68670,63,31,20
17598,r11A,r11 alar plate,68671,64,31,20
17653,SpA,SpC alar plate,68672,65,31,20
17653,SpA,SpC alar plate,68673,66,31,20
17653,SpA,SpC alar plate,68674,67,31,20
17653,SpA,SpC alar plate,68675,68,31,20
17318,r6B,r6 basal plate,68734,50,32,20
17318,r6B,r6 basal plate,68735,51,32,20
17318,r6B,r6 basal plate,68736,52,32,20
17380,r7B,r7 basal plate,68737,53,32,20
17380,r7B,r7 basal plate,68738,54,32,20
17380,r7B,r7 basal plate,68739,55,32,20
17437,r8B,r8 basal plate,68740,56,32,20
17437,r8B,r8 basal plate,68741,57,32,20
17437,r8B,r8 basal plate,68742,58,32,20
17500,r9B,r9 basal plate,68743,59,32,20
17500,r9B,r9 basal plate,68744,60,32,20
17562,r10B,r10 basal plate,68745,61,32,20
17562,r10B,r10 basal plate,68746,62,32,20
17620,r11B,r11 basal plate,68747,63,32,20
17620,r11B,r11 basal plate,68748,64,32,20
17653,SpA,SpC alar plate,68749,65,32,20
17653,SpA,SpC alar plate,68750,66,32,20
17653,SpA,SpC alar plate,68751,67,32,20
17653,SpA,SpC alar plate,68752,68,32,20
17653,SpA,SpC alar plate,68753,69,32,20
17318,r6B,r6 basal plate,68810,49,33,20
17318,r6B,r6 basal plate,68811,50,33,20
17318,r6B,r6 basal plate,68812,51,33,20
17318,r6B,r6 basal plate,68813,52,33,20
17380,r7B,r7 basal plate,68814,53,33,20
17380,r7B,r7 basal plate,68815,54,33,20
17380,r7B,r7 basal plate,68816,55,33,20
17437,r8B,r8 basal plate,68817,56,33,20
17437,r8B,r8 basal plate,68818,57,33,20
17437,r8B,r8 basal plate,68819,58,33,20
17500,r9B,r9 basal plate,68820,59,33,20
17500,r9B,r9 basal plate,68821,60,33,20
17562,r10B,r10 basal plate,68822,61,33,20
17562,r10B,r10 basal plate,68823,62,33,20
17620,r11B,r11 basal plate,68824,63,33,20
17620,r11B,r11 basal plate,68825,64,33,20
17692,SpB,SpC basal plate (anterior horn),68826,65,33,20
17653,SpA,SpC alar plate,68827,66,33,20
17653,SpA,SpC alar plate,68828,67,33,20
17653,SpA,SpC alar plate,68829,68,33,20
17653,SpA,SpC alar plate,68830,69,33,20
17318,r6B,r6 basal plate,68887,49,34,20
17318,r6B,r6 basal plate,68888,50,34,20
17318,r6B,r6 basal plate,68889,51,34,20
17318,r6B,r6 basal plate,68890,52,34,20
17380,r7B,r7 basal plate,68891,53,34,20
17380,r7B,r7 basal plate,68892,54,34,20
17380,r7B,r7 basal plate,68893,55,34,20
17437,r8B,r8 basal plate,68894,56,34,20
17437,r8B,r8 basal plate,68895,57,34,20
17437,r8B,r8 basal plate,68896,58,34,20
17500,r9B,r9 basal plate,68897,59,34,20
17500,r9B,r9 basal plate,68898,60,34,20
17562,r10B,r10 basal plate,68899,61,34,20
17562,r10B,r10 basal plate,68900,62,34,20
17562,r10B,r10 basal plate,68901,63,34,20
17620,r11B,r11 basal plate,68902,64,34,20
17692,SpB,SpC basal plate (anterior horn),68903,65,34,20
17692,SpB,SpC basal plate (anterior horn),68904,66,34,20
17653,SpA,SpC alar plate,68905,67,34,20
17653,SpA,SpC alar plate,68906,68,34,20
17318,r6B,r6 basal plate,68964,49,35,20
17318,r6B,r6 basal plate,68965,50,35,20
17318,r6B,r6 basal plate,68966,51,35,20
17318,r6B,r6 basal plate,68967,52,35,20
17380,r7B,r7 basal plate,68968,53,35,20
17380,r7B,r7 basal plate,68969,54,35,20
17380,r7B,r7 basal plate,68970,55,35,20
17437,r8B,r8 basal plate,68971,56,35,20
17437,r8B,r8 basal plate,68972,57,35,20
17437,r8B,r8 basal plate,68973,58,35,20
17500,r9B,r9 basal plate,68974,59,35,20
17500,r9B,r9 basal plate,68975,60,35,20
17562,r10B,r10 basal plate,68976,61,35,20
17562,r10B,r10 basal plate,68977,62,35,20
17692,SpB,SpC basal plate (anterior horn),68981,66,35,20
17692,SpB,SpC basal plate (anterior horn),68982,67,35,20
17318,r6B,r6 basal plate,69041,49,36,20
17318,r6B,r6 basal plate,69042,50,36,20
17318,r6B,r6 basal plate,69043,51,36,20
17318,r6B,r6 basal plate,69044,52,36,20
17380,r7B,r7 basal plate,69045,53,36,20
17380,r7B,r7 basal plate,69046,54,36,20
17380,r7B,r7 basal plate,69047,55,36,20
17437,r8B,r8 basal plate,69048,56,36,20
17437,r8B,r8 basal plate,69049,57,36,20
17437,r8B,r8 basal plate,69050,58,36,20
17500,r9B,r9 basal plate,69051,59,36,20
17692,SpB,SpC basal plate (anterior horn),69058,66,36,20
17692,SpB,SpC basal plate (anterior horn),69135,66,37,20
17692,SpB,SpC basal plate (anterior horn),69212,66,38,20
17292,r6A,r6 alar plate,71357,55,23,21
17355,r7A,r7 alar plate,71358,56,23,21
17292,r6A,r6 alar plate,71433,54,24,21
17355,r7A,r7 alar plate,71434,55,24,21
17355,r7A,r7 alar plate,71435,56,24,21
17418,r8A,r8 alar plate,71436,57,24,21
17418,r8A,r8 alar plate,71437,58,24,21
17478,r9A,r9 alar plate,71438,59,24,21
17478,r9A,r9 alar plate,71439,60,24,21
17478,r9A,r9 alar plate,71440,61,24,21
17540,r10A,r10 alar plate,71441,62,24,21
17292,r6A,r6 alar plate,71509,53,25,21
17355,r7A,r7 alar plate,71510,54,25,21
17355,r7A,r7 alar plate,71511,55,25,21
17418,r8A,r8 alar plate,71512,56,25,21
17418,r8A,r8 alar plate,71513,57,25,21
17478,r9A,r9 alar plate,71514,58,25,21
17478,r9A,r9 alar plate,71515,59,25,21
17478,r9A,r9 alar plate,71516,60,25,21
17540,r10A,r10 alar plate,71517,61,25,21
17540,r10A,r10 alar plate,71518,62,25,21
17540,r10A,r10 alar plate,71519,63,25,21
17598,r11A,r11 alar plate,71520,64,25,21
17292,r6A,r6 alar plate,71586,53,26,21
17355,r7A,r7 alar plate,71587,54,26,21
17355,r7A,r7 alar plate,71588,55,26,21
17418,r8A,r8 alar plate,71589,56,26,21
17418,r8A,r8 alar plate,71590,57,26,21
17478,r9A,r9 alar plate,71591,58,26,21
17478,r9A,r9 alar plate,71592,59,26,21
17478,r9A,r9 alar plate,71593,60,26,21
17540,r10A,r10 alar plate,71594,61,26,21
17540,r10A,r10 alar plate,71595,62,26,21
17540,r10A,r10 alar plate,71596,63,26,21
17598,r11A,r11 alar plate,71597,64,26,21
17598,r11A,r11 alar plate,71598,65,26,21
17292,r6A,r6 alar plate,71662,52,27,21
17292,r6A,r6 alar plate,71663,53,27,21
17355,r7A,r7 alar plate,71664,54,27,21
17355,r7A,r7 alar plate,71665,55,27,21
17418,r8A,r8 alar plate,71666,56,27,21
17418,r8A,r8 alar plate,71667,57,27,21
17478,r9A,r9 alar plate,71668,58,27,21
17478,r9A,r9 alar plate,71669,59,27,21
17478,r9A,r9 alar plate,71670,60,27,21
17540,r10A,r10 alar plate,71671,61,27,21
17540,r10A,r10 alar plate,71672,62,27,21
17598,r11A,r11 alar plate,71673,63,27,21
17598,r11A,r11 alar plate,71674,64,27,21
17598,r11A,r11 alar plate,71675,65,27,21
17598,r11A,r11 alar plate,71676,66,27,21
17292,r6A,r6 alar plate,71739,52,28,21
17292,r6A,r6 alar plate,71740,53,28,21
17355,r7A,r7 alar plate,71741,54,28,21
17355,r7A,r7 alar plate,71742,55,28,21
17437,r8B,r8 basal plate,71743,56,28,21
17437,r8B,r8 basal plate,71744,57,28,21
17500,r9B,r9 basal plate,71745,58,28,21
17500,r9B,r9 basal plate,71746,59,28,21
17500,r9B,r9 basal plate,71747,60,28,21
17540,r10A,r10 alar plate,71748,61,28,21
17540,r10A,r10 alar plate,71749,62,28,21
17598,r11A,r11 alar plate,71750,63,28,21
17598,r11A,r11 alar plate,71751,64,28,21
17598,r11A,r11 alar plate,71752,65,28,21
17598,r11A,r11 alar plate,71753,66,28,21
17653,SpA,SpC alar plate,71754,67,28,21
17318,r6B,r6 basal plate,71815,51,29,21
17318,r6B,r6 basal plate,71816,52,29,21
17380,r7B,r7 basal plate,71817,53,29,21
17380,r7B,r7 basal plate,71818,54,29,21
17380,r7B,r7 basal plate,71819,55,29,21
17437,r8B,r8 basal plate,71820,56,29,21
17437,r8B,r8 basal plate,71821,57,29,21
17500,r9B,r9 basal plate,71822,58,29,21
17500,r9B,r9 basal plate,71823,59,29,21
17500,r9B,r9 basal plate,71824,60,29,21
17562,r10B,r10 basal plate,71825,61,29,21
17562,r10B,r10 basal plate,71826,62,29,21
17598,r11A,r11 alar plate,71827,63,29,21
17598,r11A,r11 alar plate,71828,64,29,21
17598,r11A,r11 alar plate,71829,65,29,21
17653,SpA,SpC alar plate,71830,66,29,21
17653,SpA,SpC alar plate,71831,67,29,21
17318,r6B,r6 basal plate,71892,51,30,21
17318,r6B,r6 basal plate,71893,52,30,21
17380,r7B,r7 basal plate,71894,53,30,21
17380,r7B,r7 basal plate,71895,54,30,21
17380,r7B,r7 basal plate,71896,55,30,21
17437,r8B,r8 basal plate,71897,56,30,21
17437,r8B,r8 basal plate,71898,57,30,21
17500,r9B,r9 basal plate,71899,58,30,21
17500,r9B,r9 basal plate,71900,59,30,21
17500,r9B,r9 basal plate,71901,60,30,21
17562,r10B,r10 basal plate,71902,61,30,21
17562,r10B,r10 basal plate,71903,62,30,21
17620,r11B,r11 basal plate,71904,63,30,21
17598,r11A,r11 alar plate,71905,64,30,21
17653,SpA,SpC alar plate,71906,65,30,21
17653,SpA,SpC alar plate,71907,66,30,21
17653,SpA,SpC alar plate,71908,67,30,21
17653,SpA,SpC alar plate,71909,68,30,21
17318,r6B,r6 basal plate,71969,51,31,21
17318,r6B,r6 basal plate,71970,52,31,21
17380,r7B,r7 basal plate,71971,53,31,21
17380,r7B,r7 basal plate,71972,54,31,21
17437,r8B,r8 basal plate,71973,55,31,21
17437,r8B,r8 basal plate,71974,56,31,21
17437,r8B,r8 basal plate,71975,57,31,21
17500,r9B,r9 basal plate,71976,58,31,21
17500,r9B,r9 basal plate,71977,59,31,21
17500,r9B,r9 basal plate,71978,60,31,21
17562,r10B,r10 basal plate,71979,61,31,21
17562,r10B,r10 basal plate,71980,62,31,21
17620,r11B,r11 basal plate,71981,63,31,21
17620,r11B,r11 basal plate,71982,64,31,21
17653,SpA,SpC alar plate,71983,65,31,21
17653,SpA,SpC alar plate,71984,66,31,21
17653,SpA,SpC alar plate,71985,67,31,21
17653,SpA,SpC alar plate,71986,68,31,21
17653,SpA,SpC alar plate,71987,69,31,21
17318,r6B,r6 basal plate,72046,51,32,21
17318,r6B,r6 basal plate,72047,52,32,21
17380,r7B,r7 basal plate,72048,53,32,21
17380,r7B,r7 basal plate,72049,54,32,21
17437,r8B,r8 basal plate,72050,55,32,21
17437,r8B,r8 basal plate,72051,56,32,21
17437,r8B,r8 basal plate,72052,57,32,21
17500,r9B,r9 basal plate,72053,58,32,21
17500,r9B,r9 basal plate,72054,59,32,21
17500,r9B,r9 basal plate,72055,60,32,21
17562,r10B,r10 basal plate,72056,61,32,21
17562,r10B,r10 basal plate,72057,62,32,21
17620,r11B,r11 basal plate,72058,63,32,21
17692,SpB,SpC basal plate (anterior horn),72059,64,32,21
17692,SpB,SpC basal plate (anterior horn),72060,65,32,21
17653,SpA,SpC alar plate,72061,66,32,21
17653,SpA,SpC alar plate,72062,67,32,21
17653,SpA,SpC alar plate,72063,68,32,21
17653,SpA,SpC alar plate,72064,69,32,21
17318,r6B,r6 basal plate,72123,51,33,21
17318,r6B,r6 basal plate,72124,52,33,21
17380,r7B,r7 basal plate,72125,53,33,21
17380,r7B,r7 basal plate,72126,54,33,21
17380,r7B,r7 basal plate,72127,55,33,21
17437,r8B,r8 basal plate,72128,56,33,21
17437,r8B,r8 basal plate,72129,57,33,21
17500,r9B,r9 basal plate,72130,58,33,21
17500,r9B,r9 basal plate,72131,59,33,21
17500,r9B,r9 basal plate,72132,60,33,21
17562,r10B,r10 basal plate,72133,61,33,21
17562,r10B,r10 basal plate,72134,62,33,21
17620,r11B,r11 basal plate,72135,63,33,21
17692,SpB,SpC basal plate (anterior horn),72136,64,33,21
17692,SpB,SpC basal plate (anterior horn),72137,65,33,21
17653,SpA,SpC alar plate,72138,66,33,21
17653,SpA,SpC alar plate,72139,67,33,21
17653,SpA,SpC alar plate,72140,68,33,21
17653,SpA,SpC alar plate,72141,69,33,21
17653,SpA,SpC alar plate,72142,70,33,21
17318,r6B,r6 basal plate,72199,50,34,21
17318,r6B,r6 basal plate,72200,51,34,21
17318,r6B,r6 basal plate,72201,52,34,21
17380,r7B,r7 basal plate,72202,53,34,21
17380,r7B,r7 basal plate,72203,54,34,21
17437,r8B,r8 basal plate,72204,55,34,21
17437,r8B,r8 basal plate,72205,56,34,21
17437,r8B,r8 basal plate,72206,57,34,21
17500,r9B,r9 basal plate,72207,58,34,21
17500,r9B,r9 basal plate,72208,59,34,21
17500,r9B,r9 basal plate,72209,60,34,21
17562,r10B,r10 basal plate,72210,61,34,21
17562,r10B,r10 basal plate,72211,62,34,21
17620,r11B,r11 basal plate,72212,63,34,21
17692,SpB,SpC basal plate (anterior horn),72213,64,34,21
17692,SpB,SpC basal plate (anterior horn),72214,65,34,21
17692,SpB,SpC basal plate (anterior horn),72215,66,34,21
17653,SpA,SpC alar plate,72216,67,34,21
17653,SpA,SpC alar plate,72217,68,34,21
17653,SpA,SpC alar plate,72218,69,34,21
17318,r6B,r6 basal plate,72276,50,35,21
17318,r6B,r6 basal plate,72277,51,35,21
17318,r6B,r6 basal plate,72278,52,35,21
17380,r7B,r7 basal plate,72279,53,35,21
17380,r7B,r7 basal plate,72280,54,35,21
17380,r7B,r7 basal plate,72281,55,35,21
17437,r8B,r8 basal plate,72282,56,35,21
17437,r8B,r8 basal plate,72283,57,35,21
17500,r9B,r9 basal plate,72284,58,35,21
17500,r9B,r9 basal plate,72285,59,35,21
17500,r9B,r9 basal plate,72286,60,35,21
17562,r10B,r10 basal plate,72287,61,35,21
17620,r11B,r11 basal plate,72288,62,35,21
17692,SpB,SpC basal plate (anterior horn),72290,64,35,21
17692,SpB,SpC basal plate (anterior horn),72291,65,35,21
17692,SpB,SpC basal plate (anterior horn),72292,66,35,21
17653,SpA,SpC alar plate,72293,67,35,21
17318,r6B,r6 basal plate,72353,50,36,21
17318,r6B,r6 basal plate,72354,51,36,21
17318,r6B,r6 basal plate,72355,52,36,21
17380,r7B,r7 basal plate,72356,53,36,21
17380,r7B,r7 basal plate,72357,54,36,21
17437,r8B,r8 basal plate,72358,55,36,21
17437,r8B,r8 basal plate,72359,56,36,21
17437,r8B,r8 basal plate,72360,57,36,21
17500,r9B,r9 basal plate,72361,58,36,21
17500,r9B,r9 basal plate,72362,59,36,21
17500,r9B,r9 basal plate,72363,60,36,21
17562,r10B,r10 basal plate,72364,61,36,21
17692,SpB,SpC basal plate (anterior horn),72368,65,36,21
17318,r6B,r6 basal plate,72432,52,37,21
17380,r7B,r7 basal plate,72433,53,37,21
17380,r7B,r7 basal plate,72434,54,37,21
17437,r8B,r8 basal plate,72435,55,37,21
17437,r8B,r8 basal plate,72436,56,37,21
17437,r8B,r8 basal plate,72437,57,37,21
17500,r9B,r9 basal plate,72438,58,37,21
17500,r9B,r9 basal plate,72439,59,37,21
17292,r6A,r6 alar plate,74745,55,24,22
17355,r7A,r7 alar plate,74746,56,24,22
17355,r7A,r7 alar plate,74747,57,24,22
17418,r8A,r8 alar plate,74748,58,24,22
17418,r8A,r8 alar plate,74749,59,24,22
17478,r9A,r9 alar plate,74750,60,24,22
17478,r9A,r9 alar plate,74751,61,24,22
17478,r9A,r9 alar plate,74752,62,24,22
17292,r6A,r6 alar plate,74821,54,25,22
17355,r7A,r7 alar plate,74822,55,25,22
17355,r7A,r7 alar plate,74823,56,25,22
17418,r8A,r8 alar plate,74824,57,25,22
17418,r8A,r8 alar plate,74825,58,25,22
17478,r9A,r9 alar plate,74826,59,25,22
17478,r9A,r9 alar plate,74827,60,25,22
17478,r9A,r9 alar plate,74828,61,25,22
17540,r10A,r10 alar plate,74829,62,25,22
17540,r10A,r10 alar plate,74830,63,25,22
17355,r7A,r7 alar plate,74898,54,26,22
17355,r7A,r7 alar plate,74899,55,26,22
17355,r7A,r7 alar plate,74900,56,26,22
17418,r8A,r8 alar plate,74901,57,26,22
17418,r8A,r8 alar plate,74902,58,26,22
17478,r9A,r9 alar plate,74903,59,26,22
17478,r9A,r9 alar plate,74904,60,26,22
17478,r9A,r9 alar plate,74905,61,26,22
17540,r10A,r10 alar plate,74906,62,26,22
17540,r10A,r10 alar plate,74907,63,26,22
17598,r11A,r11 alar plate,74908,64,26,22
17598,r11A,r11 alar plate,74909,65,26,22
17292,r6A,r6 alar plate,74974,53,27,22
17355,r7A,r7 alar plate,74975,54,27,22
17355,r7A,r7 alar plate,74976,55,27,22
17437,r8B,r8 basal plate,74977,56,27,22
17437,r8B,r8 basal plate,74978,57,27,22
17418,r8A,r8 alar plate,74979,58,27,22
17478,r9A,r9 alar plate,74980,59,27,22
17478,r9A,r9 alar plate,74981,60,27,22
17478,r9A,r9 alar plate,74982,61,27,22
17540,r10A,r10 alar plate,74983,62,27,22
17540,r10A,r10 alar plate,74984,63,27,22
17598,r11A,r11 alar plate,74985,64,27,22
17598,r11A,r11 alar plate,74986,65,27,22
17598,r11A,r11 alar plate,74987,66,27,22
17318,r6B,r6 basal plate,75050,52,28,22
17318,r6B,r6 basal plate,75051,53,28,22
17380,r7B,r7 basal plate,75052,54,28,22
17380,r7B,r7 basal plate,75053,55,28,22
17437,r8B,r8 basal plate,75054,56,28,22
17437,r8B,r8 basal plate,75055,57,28,22
17437,r8B,r8 basal plate,75056,58,28,22
17500,r9B,r9 basal plate,75057,59,28,22
17500,r9B,r9 basal plate,75058,60,28,22
17562,r10B,r10 basal plate,75059,61,28,22
17540,r10A,r10 alar plate,75060,62,28,22
17598,r11A,r11 alar plate,75061,63,28,22
17598,r11A,r11 alar plate,75062,64,28,22
17598,r11A,r11 alar plate,75063,65,28,22
17598,r11A,r11 alar plate,75064,66,28,22
17653,SpA,SpC alar plate,75065,67,28,22
17318,r6B,r6 basal plate,75127,52,29,22
17380,r7B,r7 basal plate,75128,53,29,22
17380,r7B,r7 basal plate,75129,54,29,22
17380,r7B,r7 basal plate,75130,55,29,22
17437,r8B,r8 basal plate,75131,56,29,22
17437,r8B,r8 basal plate,75132,57,29,22
17500,r9B,r9 basal plate,75133,58,29,22
17500,r9B,r9 basal plate,75134,59,29,22
17500,r9B,r9 basal plate,75135,60,29,22
17562,r10B,r10 basal plate,75136,61,29,22
17562,r10B,r10 basal plate,75137,62,29,22
17598,r11A,r11 alar plate,75138,63,29,22
17598,r11A,r11 alar plate,75139,64,29,22
17598,r11A,r11 alar plate,75140,65,29,22
17653,SpA,SpC alar plate,75141,66,29,22
17653,SpA,SpC alar plate,75142,67,29,22
17318,r6B,r6 basal plate,75203,51,30,22
17318,r6B,r6 basal plate,75204,52,30,22
17380,r7B,r7 basal plate,75205,53,30,22
17380,r7B,r7 basal plate,75206,54,30,22
17380,r7B,r7 basal plate,75207,55,30,22
17437,r8B,r8 basal plate,75208,56,30,22
17437,r8B,r8 basal plate,75209,57,30,22
17500,r9B,r9 basal plate,75210,58,30,22
17500,r9B,r9 basal plate,75211,59,30,22
17562,r10B,r10 basal plate,75212,60,30,22
17562,r10B,r10 basal plate,75213,61,30,22
17620,r11B,r11 basal plate,75214,62,30,22
17598,r11A,r11 alar plate,75215,63,30,22
17598,r11A,r11 alar plate,75216,64,30,22
17653,SpA,SpC alar plate,75217,65,30,22
17653,SpA,SpC alar plate,75218,66,30,22
17653,SpA,SpC alar plate,75219,67,30,22
17653,SpA,SpC alar plate,75220,68,30,22
17318,r6B,r6 basal plate,75279,50,31,22
17318,r6B,r6 basal plate,75280,51,31,22
17318,r6B,r6 basal plate,75281,52,31,22
17380,r7B,r7 basal plate,75282,53,31,22
17380,r7B,r7 basal plate,75283,54,31,22
17380,r7B,r7 basal plate,75284,55,31,22
17437,r8B,r8 basal plate,75285,56,31,22
17437,r8B,r8 basal plate,75286,57,31,22
17500,r9B,r9 basal plate,75287,58,31,22
17500,r9B,r9 basal plate,75288,59,31,22
17562,r10B,r10 basal plate,75289,60,31,22
17562,r10B,r10 basal plate,75290,61,31,22
17620,r11B,r11 basal plate,75291,62,31,22
17620,r11B,r11 basal plate,75292,63,31,22
17653,SpA,SpC alar plate,75293,64,31,22
17653,SpA,SpC alar plate,75294,65,31,22
17653,SpA,SpC alar plate,75295,66,31,22
17653,SpA,SpC alar plate,75296,67,31,22
17653,SpA,SpC alar plate,75297,68,31,22
17653,SpA,SpC alar plate,75298,69,31,22
17318,r6B,r6 basal plate,75356,50,32,22
17318,r6B,r6 basal plate,75357,51,32,22
17380,r7B,r7 basal plate,75358,52,32,22
17380,r7B,r7 basal plate,75359,53,32,22
17380,r7B,r7 basal plate,75360,54,32,22
17437,r8B,r8 basal plate,75361,55,32,22
17437,r8B,r8 basal plate,75362,56,32,22
17500,r9B,r9 basal plate,75363,57,32,22
17500,r9B,r9 basal plate,75364,58,32,22
17562,r10B,r10 basal plate,75365,59,32,22
17562,r10B,r10 basal plate,75366,60,32,22
17562,r10B,r10 basal plate,75367,61,32,22
17620,r11B,r11 basal plate,75368,62,32,22
17692,SpB,SpC basal plate (anterior horn),75369,63,32,22
17692,SpB,SpC basal plate (anterior horn),75370,64,32,22
17653,SpA,SpC alar plate,75371,65,32,22
17653,SpA,SpC alar plate,75372,66,32,22
17653,SpA,SpC alar plate,75373,67,32,22
17653,SpA,SpC alar plate,75374,68,32,22
17653,SpA,SpC alar plate,75375,69,32,22
17318,r6B,r6 basal plate,75432,49,33,22
17318,r6B,r6 basal plate,75433,50,33,22
17318,r6B,r6 basal plate,75434,51,33,22
17380,r7B,r7 basal plate,75435,52,33,22
17380,r7B,r7 basal plate,75436,53,33,22
17380,r7B,r7 basal plate,75437,54,33,22
17437,r8B,r8 basal plate,75438,55,33,22
17437,r8B,r8 basal plate,75439,56,33,22
17500,r9B,r9 basal plate,75440,57,33,22
17500,r9B,r9 basal plate,75441,58,33,22
17500,r9B,r9 basal plate,75442,59,33,22
17562,r10B,r10 basal plate,75443,60,33,22
17562,r10B,r10 basal plate,75444,61,33,22
17620,r11B,r11 basal plate,75445,62,33,22
17692,SpB,SpC basal plate (anterior horn),75446,63,33,22
17692,SpB,SpC basal plate (anterior horn),75447,64,33,22
17692,SpB,SpC basal plate (anterior horn),75448,65,33,22
17653,SpA,SpC alar plate,75449,66,33,22
17653,SpA,SpC alar plate,75450,67,33,22
17653,SpA,SpC alar plate,75451,68,33,22
17653,SpA,SpC alar plate,75452,69,33,22
17318,r6B,r6 basal plate,75509,49,34,22
17318,r6B,r6 basal plate,75510,50,34,22
17318,r6B,r6 basal plate,75511,51,34,22
17380,r7B,r7 basal plate,75512,52,34,22
17380,r7B,r7 basal plate,75513,53,34,22
17437,r8B,r8 basal plate,75514,54,34,22
17437,r8B,r8 basal plate,75515,55,34,22
17437,r8B,r8 basal plate,75516,56,34,22
17437,r8B,r8 basal plate,75517,57,34,22
17500,r9B,r9 basal plate,75518,58,34,22
17500,r9B,r9 basal plate,75519,59,34,22
17562,r10B,r10 basal plate,75520,60,34,22
17562,r10B,r10 basal plate,75521,61,34,22
17620,r11B,r11 basal plate,75522,62,34,22
17692,SpB,SpC basal plate (anterior horn),75523,63,34,22
17692,SpB,SpC basal plate (anterior horn),75524,64,34,22
17692,SpB,SpC basal plate (anterior horn),75525,65,34,22
17692,SpB,SpC basal plate (anterior horn),75526,66,34,22
17653,SpA,SpC alar plate,75527,67,34,22
17318,r6B,r6 basal plate,75586,49,35,22
17318,r6B,r6 basal plate,75587,50,35,22
17318,r6B,r6 basal plate,75588,51,35,22
17380,r7B,r7 basal plate,75589,52,35,22
17380,r7B,r7 basal plate,75590,53,35,22
17380,r7B,r7 basal plate,75591,54,35,22
17437,r8B,r8 basal plate,75592,55,35,22
17437,r8B,r8 basal plate,75593,56,35,22
17437,r8B,r8 basal plate,75594,57,35,22
17500,r9B,r9 basal plate,75595,58,35,22
17500,r9B,r9 basal plate,75596,59,35,22
17562,r10B,r10 basal plate,75597,60,35,22
17562,r10B,r10 basal plate,75598,61,35,22
17692,SpB,SpC basal plate (anterior horn),75600,63,35,22
17692,SpB,SpC basal plate (anterior horn),75601,64,35,22
17692,SpB,SpC basal plate (anterior horn),75602,65,35,22
17692,SpB,SpC basal plate (anterior horn),75603,66,35,22
17318,r6B,r6 basal plate,75663,49,36,22
17318,r6B,r6 basal plate,75664,50,36,22
17318,r6B,r6 basal plate,75665,51,36,22
17380,r7B,r7 basal plate,75666,52,36,22
17380,r7B,r7 basal plate,75667,53,36,22
17380,r7B,r7 basal plate,75668,54,36,22
17437,r8B,r8 basal plate,75669,55,36,22
17437,r8B,r8 basal plate,75670,56,36,22
17437,r8B,r8 basal plate,75671,57,36,22
17500,r9B,r9 basal plate,75672,58,36,22
17500,r9B,r9 basal plate,75673,59,36,22
17562,r10B,r10 basal plate,75674,60,36,22
17692,SpB,SpC basal plate (anterior horn),75678,64,36,22
17692,SpB,SpC basal plate (anterior horn),75679,65,36,22
17692,SpB,SpC basal plate (anterior horn),75755,64,37,22
17417,r8R,r8 roof plate,77982,58,23,23
17478,r9A,r9 alar plate,78060,59,24,23
17478,r9A,r9 alar plate,78061,60,24,23
17478,r9A,r9 alar plate,78062,61,24,23
17540,r10A,r10 alar plate,78063,62,24,23
17292,r6A,r6 alar plate,78133,55,25,23
17355,r7A,r7 alar plate,78134,56,25,23
17355,r7A,r7 alar plate,78135,57,25,23
17418,r8A,r8 alar plate,78136,58,25,23
17478,r9A,r9 alar plate,78137,59,25,23
17478,r9A,r9 alar plate,78138,60,25,23
17478,r9A,r9 alar plate,78139,61,25,23
17540,r10A,r10 alar plate,78140,62,25,23
17540,r10A,r10 alar plate,78141,63,25,23
17292,r6A,r6 alar plate,78210,55,26,23
17355,r7A,r7 alar plate,78211,56,26,23
17355,r7A,r7 alar plate,78212,57,26,23
17418,r8A,r8 alar plate,78213,58,26,23
17478,r9A,r9 alar plate,78214,59,26,23
17478,r9A,r9 alar plate,78215,60,26,23
17478,r9A,r9 alar plate,78216,61,26,23
17540,r10A,r10 alar plate,78217,62,26,23
17540,r10A,r10 alar plate,78218,63,26,23
17598,r11A,r11 alar plate,78219,64,26,23
17292,r6A,r6 alar plate,78286,54,27,23
17292,r6A,r6 alar plate,78287,55,27,23
17355,r7A,r7 alar plate,78288,56,27,23
17418,r8A,r8 alar plate,78289,57,27,23
17418,r8A,r8 alar plate,78290,58,27,23
17478,r9A,r9 alar plate,78291,59,27,23
17478,r9A,r9 alar plate,78292,60,27,23
17478,r9A,r9 alar plate,78293,61,27,23
17540,r10A,r10 alar plate,78294,62,27,23
17598,r11A,r11 alar plate,78295,63,27,23
17598,r11A,r11 alar plate,78296,64,27,23
17598,r11A,r11 alar plate,78297,65,27,23
17318,r6B,r6 basal plate,78363,54,28,23
17318,r6B,r6 basal plate,78364,55,28,23
17355,r7A,r7 alar plate,78365,56,28,23
17418,r8A,r8 alar plate,78366,57,28,23
17418,r8A,r8 alar plate,78367,58,28,23
17478,r9A,r9 alar plate,78368,59,28,23
17478,r9A,r9 alar plate,78369,60,28,23
17540,r10A,r10 alar plate,78370,61,28,23
17540,r10A,r10 alar plate,78371,62,28,23
17598,r11A,r11 alar plate,78372,63,28,23
17598,r11A,r11 alar plate,78373,64,28,23
17598,r11A,r11 alar plate,78374,65,28,23
17653,SpA,SpC alar plate,78375,66,28,23
17318,r6B,r6 basal plate,78439,53,29,23
17318,r6B,r6 basal plate,78440,54,29,23
17380,r7B,r7 basal plate,78441,55,29,23
17380,r7B,r7 basal plate,78442,56,29,23
17437,r8B,r8 basal plate,78443,57,29,23
17418,r8A,r8 alar plate,78444,58,29,23
17478,r9A,r9 alar plate,78445,59,29,23
17478,r9A,r9 alar plate,78446,60,29,23
17540,r10A,r10 alar plate,78447,61,29,23
17540,r10A,r10 alar plate,78448,62,29,23
17598,r11A,r11 alar plate,78449,63,29,23
17598,r11A,r11 alar plate,78450,64,29,23
17598,r11A,r11 alar plate,78451,65,29,23
17653,SpA,SpC alar plate,78452,66,29,23
17653,SpA,SpC alar plate,78453,67,29,23
17318,r6B,r6 basal plate,78515,52,30,23
17318,r6B,r6 basal plate,78516,53,30,23
17380,r7B,r7 basal plate,78517,54,30,23
17380,r7B,r7 basal plate,78518,55,30,23
17380,r7B,r7 basal plate,78519,56,30,23
17437,r8B,r8 basal plate,78520,57,30,23
17437,r8B,r8 basal plate,78521,58,30,23
17500,r9B,r9 basal plate,78522,59,30,23
17500,r9B,r9 basal plate,78523,60,30,23
17562,r10B,r10 basal plate,78524,61,30,23
17540,r10A,r10 alar plate,78525,62,30,23
17598,r11A,r11 alar plate,78526,63,30,23
17598,r11A,r11 alar plate,78527,64,30,23
17653,SpA,SpC alar plate,78528,65,30,23
17653,SpA,SpC alar plate,78529,66,30,23
17653,SpA,SpC alar plate,78530,67,30,23
17653,SpA,SpC alar plate,78531,68,30,23
17318,r6B,r6 basal plate,78591,51,31,23
17318,r6B,r6 basal plate,78592,52,31,23
17380,r7B,r7 basal plate,78593,53,31,23
17380,r7B,r7 basal plate,78594,54,31,23
17380,r7B,r7 basal plate,78595,55,31,23
17380,r7B,r7 basal plate,78596,56,31,23
17437,r8B,r8 basal plate,78597,57,31,23
17437,r8B,r8 basal plate,78598,58,31,23
17500,r9B,r9 basal plate,78599,59,31,23
17500,r9B,r9 basal plate,78600,60,31,23
17562,r10B,r10 basal plate,78601,61,31,23
17620,r11B,r11 basal plate,78602,62,31,23
17620,r11B,r11 basal plate,78603,63,31,23
17653,SpA,SpC alar plate,78604,64,31,23
17653,SpA,SpC alar plate,78605,65,31,23
17653,SpA,SpC alar plate,78606,66,31,23
17653,SpA,SpC alar plate,78607,67,31,23
17653,SpA,SpC alar plate,78608,68,31,23
17653,SpA,SpC alar plate,78609,69,31,23
17318,r6B,r6 basal plate,78667,50,32,23
17318,r6B,r6 basal plate,78668,51,32,23
17318,r6B,r6 basal plate,78669,52,32,23
17380,r7B,r7 basal plate,78670,53,32,23
17380,r7B,r7 basal plate,78671,54,32,23
17380,r7B,r7 basal plate,78672,55,32,23
17437,r8B,r8 basal plate,78673,56,32,23
17437,r8B,r8 basal plate,78674,57,32,23
17500,r9B,r9 basal plate,78675,58,32,23
17500,r9B,r9 basal plate,78676,59,32,23
17562,r10B,r10 basal plate,78677,60,32,23
17562,r10B,r10 basal plate,78678,61,32,23
17620,r11B,r11 basal plate,78679,62,32,23
17620,r11B,r11 basal plate,78680,63,32,23
17692,SpB,SpC basal plate (anterior horn),78681,64,32,23
17653,SpA,SpC alar plate,78682,65,32,23
17653,SpA,SpC alar plate,78683,66,32,23
17653,SpA,SpC alar plate,78684,67,32,23
17653,SpA,SpC alar plate,78685,68,32,23
17318,r6B,r6 basal plate,78744,50,33,23
17318,r6B,r6 basal plate,78745,51,33,23
17318,r6B,r6 basal plate,78746,52,33,23
17380,r7B,r7 basal plate,78747,53,33,23
17380,r7B,r7 basal plate,78748,54,33,23
17437,r8B,r8 basal plate,78749,55,33,23
17437,r8B,r8 basal plate,78750,56,33,23
17437,r8B,r8 basal plate,78751,57,33,23
17500,r9B,r9 basal plate,78752,58,33,23
17500,r9B,r9 basal plate,78753,59,33,23
17562,r10B,r10 basal plate,78754,60,33,23
17562,r10B,r10 basal plate,78755,61,33,23
17620,r11B,r11 basal plate,78756,62,33,23
17620,r11B,r11 basal plate,78757,63,33,23
17692,SpB,SpC basal plate (anterior horn),78758,64,33,23
17692,SpB,SpC basal plate (anterior horn),78759,65,33,23
17653,SpA,SpC alar plate,78760,66,33,23
17653,SpA,SpC alar plate,78761,67,33,23
17318,r6B,r6 basal plate,78821,50,34,23
17318,r6B,r6 basal plate,78822,51,34,23
17380,r7B,r7 basal plate,78823,52,34,23
17380,r7B,r7 basal plate,78824,53,34,23
17380,r7B,r7 basal plate,78825,54,34,23
17437,r8B,r8 basal plate,78826,55,34,23
17437,r8B,r8 basal plate,78827,56,34,23
17437,r8B,r8 basal plate,78828,57,34,23
17500,r9B,r9 basal plate,78829,58,34,23
17500,r9B,r9 basal plate,78830,59,34,23
17562,r10B,r10 basal plate,78831,60,34,23
17562,r10B,r10 basal plate,78832,61,34,23
17620,r11B,r11 basal plate,78833,62,34,23
17692,SpB,SpC basal plate (anterior horn),78834,63,34,23
17692,SpB,SpC basal plate (anterior horn),78835,64,34,23
17692,SpB,SpC basal plate (anterior horn),78836,65,34,23
17653,SpA,SpC alar plate,78837,66,34,23
17318,r6B,r6 basal plate,78897,49,35,23
17318,r6B,r6 basal plate,78898,50,35,23
17318,r6B,r6 basal plate,78899,51,35,23
17380,r7B,r7 basal plate,78900,52,35,23
17380,r7B,r7 basal plate,78901,53,35,23
17380,r7B,r7 basal plate,78902,54,35,23
17437,r8B,r8 basal plate,78903,55,35,23
17437,r8B,r8 basal plate,78904,56,35,23
17437,r8B,r8 basal plate,78905,57,35,23
17500,r9B,r9 basal plate,78906,58,35,23
17500,r9B,r9 basal plate,78907,59,35,23
17562,r10B,r10 basal plate,78908,60,35,23
17562,r10B,r10 basal plate,78909,61,35,23
17692,SpB,SpC basal plate (anterior horn),78911,63,35,23
17692,SpB,SpC basal plate (anterior horn),78912,64,35,23
17692,SpB,SpC basal plate (anterior horn),78913,65,35,23
17692,SpB,SpC basal plate (anterior horn),78914,66,35,23
17318,r6B,r6 basal plate,78974,49,36,23
17318,r6B,r6 basal plate,78975,50,36,23
17380,r7B,r7 basal plate,78976,51,36,23
17380,r7B,r7 basal plate,78977,52,36,23
17380,r7B,r7 basal plate,78978,53,36,23
17380,r7B,r7 basal plate,78979,54,36,23
17437,r8B,r8 basal plate,78980,55,36,23
17437,r8B,r8 basal plate,78981,56,36,23
17437,r8B,r8 basal plate,78982,57,36,23
17500,r9B,r9 basal plate,78983,58,36,23
17500,r9B,r9 basal plate,78984,59,36,23
17562,r10B,r10 basal plate,78985,60,36,23
17692,SpB,SpC basal plate (anterior horn),78989,64,36,23
17692,SpB,SpC basal plate (anterior horn),78990,65,36,23
17692,SpB,SpC basal plate (anterior horn),79066,64,37,23
17478,r9A,r9 alar plate,81295,60,23,24
17478,r9A,r9 alar plate,81371,59,24,24
17478,r9A,r9 alar plate,81372,60,24,24
17540,r10A,r10 alar plate,81373,61,24,24
17540,r10A,r10 alar plate,81374,62,24,24
17478,r9A,r9 alar plate,81448,59,25,24
17478,r9A,r9 alar plate,81449,60,25,24
17540,r10A,r10 alar plate,81450,61,25,24
17540,r10A,r10 alar plate,81451,62,25,24
17540,r10A,r10 alar plate,81452,63,25,24
17540,r10A,r10 alar plate,81527,61,26,24
17540,r10A,r10 alar plate,81528,62,26,24
17598,r11A,r11 alar plate,81529,63,26,24
17598,r11A,r11 alar plate,81530,64,26,24
17292,r6A,r6 alar plate,81596,53,27,24
17355,r7A,r7 alar plate,81597,54,27,24
17418,r8A,r8 alar plate,81598,55,27,24
17418,r8A,r8 alar plate,81599,56,27,24
17418,r8A,r8 alar plate,81600,57,27,24
17478,r9A,r9 alar plate,81601,58,27,24
17540,r10A,r10 alar plate,81603,60,27,24
17540,r10A,r10 alar plate,81604,61,27,24
17540,r10A,r10 alar plate,81605,62,27,24
17598,r11A,r11 alar plate,81606,63,27,24
17598,r11A,r11 alar plate,81607,64,27,24
17598,r11A,r11 alar plate,81608,65,27,24
17598,r11A,r11 alar plate,81609,66,27,24
17292,r6A,r6 alar plate,81672,52,28,24
17355,r7A,r7 alar plate,81673,53,28,24
17355,r7A,r7 alar plate,81674,54,28,24
17418,r8A,r8 alar plate,81675,55,28,24
17418,r8A,r8 alar plate,81676,56,28,24
17418,r8A,r8 alar plate,81677,57,28,24
17478,r9A,r9 alar plate,81678,58,28,24
17478,r9A,r9 alar plate,81679,59,28,24
17540,r10A,r10 alar plate,81680,60,28,24
17540,r10A,r10 alar plate,81681,61,28,24
17540,r10A,r10 alar plate,81682,62,28,24
17598,r11A,r11 alar plate,81683,63,28,24
17598,r11A,r11 alar plate,81684,64,28,24
17598,r11A,r11 alar plate,81685,65,28,24
17653,SpA,SpC alar plate,81686,66,28,24
17653,SpA,SpC alar plate,81687,67,28,24
17318,r6B,r6 basal plate,81749,52,29,24
17380,r7B,r7 basal plate,81750,53,29,24
17380,r7B,r7 basal plate,81751,54,29,24
17437,r8B,r8 basal plate,81752,55,29,24
17437,r8B,r8 basal plate,81753,56,29,24
17418,r8A,r8 alar plate,81754,57,29,24
17478,r9A,r9 alar plate,81755,58,29,24
17478,r9A,r9 alar plate,81756,59,29,24
17540,r10A,r10 alar plate,81757,60,29,24
17540,r10A,r10 alar plate,81758,61,29,24
17598,r11A,r11 alar plate,81759,62,29,24
17598,r11A,r11 alar plate,81760,63,29,24
17598,r11A,r11 alar plate,81761,64,29,24
17653,SpA,SpC alar plate,81762,65,29,24
17653,SpA,SpC alar plate,81763,66,29,24
17653,SpA,SpC alar plate,81764,67,29,24
17653,SpA,SpC alar plate,81765,68,29,24
17318,r6B,r6 basal plate,81826,52,30,24
17380,r7B,r7 basal plate,81827,53,30,24
17380,r7B,r7 basal plate,81828,54,30,24
17437,r8B,r8 basal plate,81829,55,30,24
17437,r8B,r8 basal plate,81830,56,30,24
17500,r9B,r9 basal plate,81831,57,30,24
17500,r9B,r9 basal plate,81832,58,30,24
17562,r10B,r10 basal plate,81833,59,30,24
17562,r10B,r10 basal plate,81834,60,30,24
17562,r10B,r10 basal plate,81835,61,30,24
17620,r11B,r11 basal plate,81836,62,30,24
17620,r11B,r11 basal plate,81837,63,30,24
17620,r11B,r11 basal plate,81838,64,30,24
17653,SpA,SpC alar plate,81839,65,30,24
17653,SpA,SpC alar plate,81840,66,30,24
17653,SpA,SpC alar plate,81841,67,30,24
17653,SpA,SpC alar plate,81842,68,30,24
17318,r6B,r6 basal plate,81903,52,31,24
17380,r7B,r7 basal plate,81904,53,31,24
17380,r7B,r7 basal plate,81905,54,31,24
17437,r8B,r8 basal plate,81906,55,31,24
17437,r8B,r8 basal plate,81907,56,31,24
17500,r9B,r9 basal plate,81908,57,31,24
17500,r9B,r9 basal plate,81909,58,31,24
17562,r10B,r10 basal plate,81910,59,31,24
17562,r10B,r10 basal plate,81911,60,31,24
17620,r11B,r11 basal plate,81912,61,31,24
17620,r11B,r11 basal plate,81913,62,31,24
17620,r11B,r11 basal plate,81914,63,31,24
17692,SpB,SpC basal plate (anterior horn),81915,64,31,24
17653,SpA,SpC alar plate,81916,65,31,24
17653,SpA,SpC alar plate,81917,66,31,24
17653,SpA,SpC alar plate,81918,67,31,24
17318,r6B,r6 basal plate,81979,51,32,24
17380,r7B,r7 basal plate,81980,52,32,24
17380,r7B,r7 basal plate,81981,53,32,24
17380,r7B,r7 basal plate,81982,54,32,24
17437,r8B,r8 basal plate,81983,55,32,24
17437,r8B,r8 basal plate,81984,56,32,24
17500,r9B,r9 basal plate,81985,57,32,24
17500,r9B,r9 basal plate,81986,58,32,24
17562,r10B,r10 basal plate,81987,59,32,24
17562,r10B,r10 basal plate,81988,60,32,24
17620,r11B,r11 basal plate,81989,61,32,24
17620,r11B,r11 basal plate,81990,62,32,24
17620,r11B,r11 basal plate,81991,63,32,24
17692,SpB,SpC basal plate (anterior horn),81992,64,32,24
17692,SpB,SpC basal plate (anterior horn),81993,65,32,24
17653,SpA,SpC alar plate,81994,66,32,24
17318,r6B,r6 basal plate,82055,50,33,24
17318,r6B,r6 basal plate,82056,51,33,24
17380,r7B,r7 basal plate,82057,52,33,24
17380,r7B,r7 basal plate,82058,53,33,24
17380,r7B,r7 basal plate,82059,54,33,24
17437,r8B,r8 basal plate,82060,55,33,24
17437,r8B,r8 basal plate,82061,56,33,24
17500,r9B,r9 basal plate,82062,57,33,24
17500,r9B,r9 basal plate,82063,58,33,24
17562,r10B,r10 basal plate,82064,59,33,24
17562,r10B,r10 basal plate,82065,60,33,24
17620,r11B,r11 basal plate,82066,61,33,24
17620,r11B,r11 basal plate,82067,62,33,24
17692,SpB,SpC basal plate (anterior horn),82068,63,33,24
17692,SpB,SpC basal plate (anterior horn),82069,64,33,24
17692,SpB,SpC basal plate (anterior horn),82070,65,33,24
17318,r6B,r6 basal plate,82131,49,34,24
17318,r6B,r6 basal plate,82132,50,34,24
17318,r6B,r6 basal plate,82133,51,34,24
17380,r7B,r7 basal plate,82134,52,34,24
17380,r7B,r7 basal plate,82135,53,34,24
17380,r7B,r7 basal plate,82136,54,34,24
17437,r8B,r8 basal plate,82137,55,34,24
17437,r8B,r8 basal plate,82138,56,34,24
17500,r9B,r9 basal plate,82139,57,34,24
17500,r9B,r9 basal plate,82140,58,34,24
17562,r10B,r10 basal plate,82141,59,34,24
17562,r10B,r10 basal plate,82142,60,34,24
17562,r10B,r10 basal plate,82143,61,34,24
17692,SpB,SpC basal plate (anterior horn),82145,63,34,24
17692,SpB,SpC basal plate (anterior horn),82146,64,34,24
17692,SpB,SpC basal plate (anterior horn),82147,65,34,24
17318,r6B,r6 basal plate,82208,49,35,24
17318,r6B,r6 basal plate,82209,50,35,24
17318,r6B,r6 basal plate,82210,51,35,24
17380,r7B,r7 basal plate,82211,52,35,24
17380,r7B,r7 basal plate,82212,53,35,24
17380,r7B,r7 basal plate,82213,54,35,24
17437,r8B,r8 basal plate,82214,55,35,24
17437,r8B,r8 basal plate,82215,56,35,24
17500,r9B,r9 basal plate,82216,57,35,24
17500,r9B,r9 basal plate,82217,58,35,24
17500,r9B,r9 basal plate,82218,59,35,24
17562,r10B,r10 basal plate,82219,60,35,24
17692,SpB,SpC basal plate (anterior horn),82223,64,35,24
